-- MySQL dump 10.13  Distrib 8.3.0, for macos14 (arm64)
--
-- Host: localhost    Database: newjobportal
-- ------------------------------------------------------
-- Server version	8.3.0

/*!40101 SET @OLD_CHARACTER_SET_CLIENT=@@CHARACTER_SET_CLIENT */;
/*!40101 SET @OLD_CHARACTER_SET_RESULTS=@@CHARACTER_SET_RESULTS */;
/*!40101 SET @OLD_COLLATION_CONNECTION=@@COLLATION_CONNECTION */;
/*!50503 SET NAMES utf8mb4 */;
/*!40103 SET @OLD_TIME_ZONE=@@TIME_ZONE */;
/*!40103 SET TIME_ZONE='+00:00' */;
/*!40014 SET @OLD_UNIQUE_CHECKS=@@UNIQUE_CHECKS, UNIQUE_CHECKS=0 */;
/*!40014 SET @OLD_FOREIGN_KEY_CHECKS=@@FOREIGN_KEY_CHECKS, FOREIGN_KEY_CHECKS=0 */;
/*!40101 SET @OLD_SQL_MODE=@@SQL_MODE, SQL_MODE='NO_AUTO_VALUE_ON_ZERO' */;
/*!40111 SET @OLD_SQL_NOTES=@@SQL_NOTES, SQL_NOTES=0 */;

--
-- Table structure for table `cache`
--

DROP TABLE IF EXISTS `cache`;
/*!40101 SET @saved_cs_client     = @@character_set_client */;
/*!50503 SET character_set_client = utf8mb4 */;
CREATE TABLE `cache` (
  `key` varchar(255) COLLATE utf8mb4_unicode_ci NOT NULL,
  `value` mediumtext COLLATE utf8mb4_unicode_ci NOT NULL,
  `expiration` int NOT NULL,
  PRIMARY KEY (`key`)
) ENGINE=InnoDB DEFAULT CHARSET=utf8mb4 COLLATE=utf8mb4_unicode_ci;
/*!40101 SET character_set_client = @saved_cs_client */;

--
-- Dumping data for table `cache`
--

LOCK TABLES `cache` WRITE;
/*!40000 ALTER TABLE `cache` DISABLE KEYS */;
INSERT INTO `cache` VALUES ('laravel_cache_livewire-rate-limiter:a17961fa74e9275d529f489537f179c05d50c2f3','i:1;',1747545580),('laravel_cache_livewire-rate-limiter:a17961fa74e9275d529f489537f179c05d50c2f3:timer','i:1747545580;',1747545580);
/*!40000 ALTER TABLE `cache` ENABLE KEYS */;
UNLOCK TABLES;

--
-- Table structure for table `cache_locks`
--

DROP TABLE IF EXISTS `cache_locks`;
/*!40101 SET @saved_cs_client     = @@character_set_client */;
/*!50503 SET character_set_client = utf8mb4 */;
CREATE TABLE `cache_locks` (
  `key` varchar(255) COLLATE utf8mb4_unicode_ci NOT NULL,
  `owner` varchar(255) COLLATE utf8mb4_unicode_ci NOT NULL,
  `expiration` int NOT NULL,
  PRIMARY KEY (`key`)
) ENGINE=InnoDB DEFAULT CHARSET=utf8mb4 COLLATE=utf8mb4_unicode_ci;
/*!40101 SET character_set_client = @saved_cs_client */;

--
-- Dumping data for table `cache_locks`
--

LOCK TABLES `cache_locks` WRITE;
/*!40000 ALTER TABLE `cache_locks` DISABLE KEYS */;
/*!40000 ALTER TABLE `cache_locks` ENABLE KEYS */;
UNLOCK TABLES;

--
-- Table structure for table `candidate_educations`
--

DROP TABLE IF EXISTS `candidate_educations`;
/*!40101 SET @saved_cs_client     = @@character_set_client */;
/*!50503 SET character_set_client = utf8mb4 */;
CREATE TABLE `candidate_educations` (
  `id` bigint unsigned NOT NULL AUTO_INCREMENT,
  `candidate_id` bigint unsigned NOT NULL,
  `degree` varchar(255) COLLATE utf8mb4_unicode_ci NOT NULL,
  `specialization` varchar(255) COLLATE utf8mb4_unicode_ci NOT NULL,
  `college_name` varchar(255) COLLATE utf8mb4_unicode_ci NOT NULL,
  `passing_marks` varchar(255) COLLATE utf8mb4_unicode_ci NOT NULL,
  `pursuing` tinyint(1) NOT NULL DEFAULT '0',
  `created_at` timestamp NULL DEFAULT NULL,
  `updated_at` timestamp NULL DEFAULT NULL,
  PRIMARY KEY (`id`),
  KEY `candidate_educations_candidate_id_foreign` (`candidate_id`),
  CONSTRAINT `candidate_educations_candidate_id_foreign` FOREIGN KEY (`candidate_id`) REFERENCES `candidates` (`id`) ON DELETE CASCADE
) ENGINE=InnoDB DEFAULT CHARSET=utf8mb4 COLLATE=utf8mb4_unicode_ci;
/*!40101 SET character_set_client = @saved_cs_client */;

--
-- Dumping data for table `candidate_educations`
--

LOCK TABLES `candidate_educations` WRITE;
/*!40000 ALTER TABLE `candidate_educations` DISABLE KEYS */;
/*!40000 ALTER TABLE `candidate_educations` ENABLE KEYS */;
UNLOCK TABLES;

--
-- Table structure for table `candidate_experiences`
--

DROP TABLE IF EXISTS `candidate_experiences`;
/*!40101 SET @saved_cs_client     = @@character_set_client */;
/*!50503 SET character_set_client = utf8mb4 */;
CREATE TABLE `candidate_experiences` (
  `id` bigint unsigned NOT NULL AUTO_INCREMENT,
  `candidate_id` bigint unsigned NOT NULL,
  `job_title` varchar(255) COLLATE utf8mb4_unicode_ci NOT NULL,
  `job_roles` json DEFAULT NULL,
  `company_name` varchar(255) COLLATE utf8mb4_unicode_ci NOT NULL,
  `experience_years` int NOT NULL,
  `experience_months` int DEFAULT NULL,
  `current_salary` decimal(10,2) DEFAULT NULL,
  `start_date` date DEFAULT NULL,
  `created_at` timestamp NULL DEFAULT NULL,
  `updated_at` timestamp NULL DEFAULT NULL,
  PRIMARY KEY (`id`),
  KEY `candidate_experiences_candidate_id_foreign` (`candidate_id`),
  CONSTRAINT `candidate_experiences_candidate_id_foreign` FOREIGN KEY (`candidate_id`) REFERENCES `candidates` (`id`) ON DELETE CASCADE
) ENGINE=InnoDB DEFAULT CHARSET=utf8mb4 COLLATE=utf8mb4_unicode_ci;
/*!40101 SET character_set_client = @saved_cs_client */;

--
-- Dumping data for table `candidate_experiences`
--

LOCK TABLES `candidate_experiences` WRITE;
/*!40000 ALTER TABLE `candidate_experiences` DISABLE KEYS */;
/*!40000 ALTER TABLE `candidate_experiences` ENABLE KEYS */;
UNLOCK TABLES;

--
-- Table structure for table `candidate_languages`
--

DROP TABLE IF EXISTS `candidate_languages`;
/*!40101 SET @saved_cs_client     = @@character_set_client */;
/*!50503 SET character_set_client = utf8mb4 */;
CREATE TABLE `candidate_languages` (
  `id` bigint unsigned NOT NULL AUTO_INCREMENT,
  `candidate_id` bigint unsigned NOT NULL,
  `language_name` varchar(255) COLLATE utf8mb4_unicode_ci NOT NULL,
  `created_at` timestamp NULL DEFAULT NULL,
  `updated_at` timestamp NULL DEFAULT NULL,
  PRIMARY KEY (`id`),
  KEY `candidate_languages_candidate_id_foreign` (`candidate_id`),
  CONSTRAINT `candidate_languages_candidate_id_foreign` FOREIGN KEY (`candidate_id`) REFERENCES `candidates` (`id`) ON DELETE CASCADE
) ENGINE=InnoDB DEFAULT CHARSET=utf8mb4 COLLATE=utf8mb4_unicode_ci;
/*!40101 SET character_set_client = @saved_cs_client */;

--
-- Dumping data for table `candidate_languages`
--

LOCK TABLES `candidate_languages` WRITE;
/*!40000 ALTER TABLE `candidate_languages` DISABLE KEYS */;
/*!40000 ALTER TABLE `candidate_languages` ENABLE KEYS */;
UNLOCK TABLES;

--
-- Table structure for table `candidate_skills`
--

DROP TABLE IF EXISTS `candidate_skills`;
/*!40101 SET @saved_cs_client     = @@character_set_client */;
/*!50503 SET character_set_client = utf8mb4 */;
CREATE TABLE `candidate_skills` (
  `id` bigint unsigned NOT NULL AUTO_INCREMENT,
  `candidate_id` bigint unsigned NOT NULL,
  `skill_name` varchar(255) COLLATE utf8mb4_unicode_ci NOT NULL,
  `created_at` timestamp NULL DEFAULT NULL,
  `updated_at` timestamp NULL DEFAULT NULL,
  PRIMARY KEY (`id`),
  KEY `candidate_skills_candidate_id_foreign` (`candidate_id`),
  CONSTRAINT `candidate_skills_candidate_id_foreign` FOREIGN KEY (`candidate_id`) REFERENCES `candidates` (`id`) ON DELETE CASCADE
) ENGINE=InnoDB DEFAULT CHARSET=utf8mb4 COLLATE=utf8mb4_unicode_ci;
/*!40101 SET character_set_client = @saved_cs_client */;

--
-- Dumping data for table `candidate_skills`
--

LOCK TABLES `candidate_skills` WRITE;
/*!40000 ALTER TABLE `candidate_skills` DISABLE KEYS */;
/*!40000 ALTER TABLE `candidate_skills` ENABLE KEYS */;
UNLOCK TABLES;

--
-- Table structure for table `candidates`
--

DROP TABLE IF EXISTS `candidates`;
/*!40101 SET @saved_cs_client     = @@character_set_client */;
/*!50503 SET character_set_client = utf8mb4 */;
CREATE TABLE `candidates` (
  `id` bigint unsigned NOT NULL AUTO_INCREMENT,
  `full_name` varchar(255) COLLATE utf8mb4_unicode_ci DEFAULT NULL,
  `dob` date DEFAULT NULL,
  `gender` varchar(255) COLLATE utf8mb4_unicode_ci DEFAULT NULL,
  `email` varchar(255) COLLATE utf8mb4_unicode_ci NOT NULL,
  `address` varchar(255) COLLATE utf8mb4_unicode_ci DEFAULT NULL,
  `city` varchar(255) COLLATE utf8mb4_unicode_ci DEFAULT NULL,
  `state` varchar(255) COLLATE utf8mb4_unicode_ci DEFAULT NULL,
  `degree` varchar(255) COLLATE utf8mb4_unicode_ci DEFAULT NULL,
  `specialization` varchar(255) COLLATE utf8mb4_unicode_ci DEFAULT NULL,
  `college_name` varchar(255) COLLATE utf8mb4_unicode_ci DEFAULT NULL,
  `passing_marks` varchar(255) COLLATE utf8mb4_unicode_ci DEFAULT NULL,
  `pursuing` tinyint NOT NULL DEFAULT '0',
  `experience_years` int DEFAULT NULL,
  `experience_months` int DEFAULT NULL,
  `job_title` varchar(255) COLLATE utf8mb4_unicode_ci DEFAULT NULL,
  `job_roles` json DEFAULT NULL,
  `company_name` varchar(255) COLLATE utf8mb4_unicode_ci DEFAULT NULL,
  `current_salary` decimal(10,2) DEFAULT NULL,
  `start_date` date DEFAULT NULL,
  `prefers_night_shift` tinyint NOT NULL DEFAULT '0',
  `prefers_day_shift` tinyint NOT NULL DEFAULT '1',
  `work_from_home` tinyint NOT NULL DEFAULT '0',
  `work_from_office` tinyint NOT NULL DEFAULT '1',
  `field_job` tinyint NOT NULL DEFAULT '0',
  `employment_type` varchar(255) COLLATE utf8mb4_unicode_ci DEFAULT NULL,
  `preferred_language` varchar(255) COLLATE utf8mb4_unicode_ci DEFAULT NULL,
  `resume` varchar(255) COLLATE utf8mb4_unicode_ci DEFAULT NULL,
  `skills` text COLLATE utf8mb4_unicode_ci,
  `active_user` tinyint NOT NULL DEFAULT '1',
  `last_login` timestamp NULL DEFAULT NULL,
  `total_jobs_applied` int NOT NULL DEFAULT '0',
  `total_job_views` int NOT NULL DEFAULT '0',
  `created_at` timestamp NULL DEFAULT NULL,
  `updated_at` timestamp NULL DEFAULT NULL,
  `otp` varchar(255) COLLATE utf8mb4_unicode_ci DEFAULT NULL,
  `otp_expires_at` timestamp NULL DEFAULT NULL,
  `number` varchar(255) COLLATE utf8mb4_unicode_ci DEFAULT NULL,
  `token` varchar(255) COLLATE utf8mb4_unicode_ci DEFAULT NULL,
  PRIMARY KEY (`id`),
  UNIQUE KEY `candidates_email_unique` (`email`)
) ENGINE=InnoDB AUTO_INCREMENT=25 DEFAULT CHARSET=utf8mb4 COLLATE=utf8mb4_unicode_ci;
/*!40101 SET character_set_client = @saved_cs_client */;

--
-- Dumping data for table `candidates`
--

LOCK TABLES `candidates` WRITE;
/*!40000 ALTER TABLE `candidates` DISABLE KEYS */;
INSERT INTO `candidates` VALUES (1,'Macie Batz','1976-01-13','Male','tyrel.stark@example.net','708 Wehner Bypass Suite 084\nLake Uriahview, OH 12290-5930','South Hayleyberg','Colorado','BCA','Computer Science','Kertzmann, Ritchie and Brekke College','96%',0,5,11,'Budget Analyst','[\"Manager\", \"Tester\", \"Developer\"]','Wilderman Group',40645.76,'1983-05-19',1,0,0,1,0,'Part-Time','English,Punjabi',NULL,'SQL,Laravel,PHP',1,'2025-05-01 09:51:45',9,6,'2025-05-01 09:51:45','2025-05-01 09:51:45',NULL,NULL,NULL,NULL),(2,'Lucious Von','1976-05-04','Female','kboehm@example.net','9467 Alysa Union Suite 808\nGottliebville, SD 63008-9425','Electamouth','Connecticut','B.Tech','Mechanical','Mertz Inc College','91%',0,2,1,'ccc','[\"Designer\"]','Nikolaus Inc',38668.80,'2019-01-03',0,0,1,0,0,'Intern','Punjabi,Hindi',NULL,'Laravel,PHP,SQL',1,'2025-05-01 09:51:45',7,15,'2025-05-01 09:51:45','2025-05-01 09:51:45',NULL,NULL,NULL,NULL),(3,'Tony Fadel','1973-02-05','Male','kelley78@example.com','333 Labadie Locks\nCaramouth, KS 92290-9170','Concepcionmouth','New York','MCA','Computer Science','Tillman, Steuber and Sawayn College','100%',0,1,8,'Nursing Instructor','[\"Manager\", \"Designer\"]','Vandervort, Bailey and Steuber',11077.17,'2019-08-03',1,0,0,1,1,'Part-Time','English,Hindi',NULL,'JavaScript,PHP,SQL',1,'2025-05-01 09:51:45',7,2,'2025-05-01 09:51:45','2025-05-01 09:51:45',NULL,NULL,NULL,NULL),(4,'Keenan Kozey','1974-07-31','Male','lenora.bechtelar@example.net','873 Jerde Isle\nLake Aileen, MS 19486-6602','Kendrickfort','Michigan','BCA','Mechanical','Baumbach, Kertzmann and Lynch College','100%',1,1,8,'Radio Operator','[\"Manager\", \"Designer\", \"Developer\"]','Schneider Group',35782.11,'1991-01-21',1,1,0,1,1,'Full-Time','Hindi,English',NULL,'PHP,Laravel,JavaScript',1,'2025-05-01 09:51:45',8,3,'2025-05-01 09:51:45','2025-05-01 09:51:45',NULL,NULL,NULL,NULL),(5,'Tavares Macejkovic','1981-12-01','Female','beer.jordyn@example.net','13787 Jaskolski Groves\nJakobfort, IL 53257','Lake Randiton','Oregon','MCA','Computer Science','Boyer PLC College','71%',1,4,8,'Announcer','[\"Manager\", \"Designer\", \"Tester\"]','Kling-Friesen',29069.07,'2000-06-26',0,1,1,1,1,'Full-Time','English,Punjabi',NULL,'Laravel,SQL,JavaScript',1,'2025-05-01 09:51:45',7,10,'2025-05-01 09:51:45','2025-05-01 09:51:45',NULL,NULL,NULL,NULL),(6,'Prof. Marlene Bernier PhD','1982-07-31','Other','jbergnaum@example.net','789 Eleanora Mews\nKohlerborough, WI 69294-2536','Virginieton','District of Columbia','MCA','Mechanical','Weissnat, VonRueden and Schiller College','84%',1,0,4,'Cartoonist','[\"Tester\"]','Greenholt-Haag',43439.82,'1977-08-03',0,1,1,0,1,'Full-Time','English,Hindi',NULL,'Laravel,JavaScript,SQL',1,'2025-05-01 09:51:45',1,3,'2025-05-01 09:51:45','2025-05-01 09:51:45',NULL,NULL,NULL,NULL),(7,'Mrs. Gina Fahey IV','1995-11-25','Male','srice@example.net','5013 Sydney Islands Apt. 134\nEast Vellashire, FL 07154','Cristville','Pennsylvania','BCA','Mechanical','Mann Inc College','70%',1,5,10,'Healthcare Practitioner','[\"Tester\", \"Designer\", \"Manager\"]','Hackett, Beatty and Ondricka',28610.64,'2014-03-25',0,0,1,0,0,'Full-Time','Hindi,English',NULL,'SQL,JavaScript,React',1,'2025-05-01 09:51:45',2,2,'2025-05-01 09:51:45','2025-05-01 09:51:45',NULL,NULL,NULL,NULL),(8,'Prof. Kristian Dooley','1977-06-04','Female','will.maryse@example.net','9704 Green Valleys Apt. 713\nNorth Isai, OK 79211','West Angelita','Texas','MCA','Mechanical','Zemlak Inc College','95%',1,2,2,'Accountant','[\"Manager\", \"Designer\"]','Kuvalis, McGlynn and Cruickshank',45193.82,'1984-07-24',1,0,1,0,0,'Intern','Hindi,English',NULL,'PHP,SQL,React',1,'2025-05-01 09:51:45',2,10,'2025-05-01 09:51:45','2025-05-01 09:51:45',NULL,NULL,NULL,NULL),(9,'Georgette Bogan','1999-03-29','Other','rollin44@example.com','225 Fritz Curve\nKarliefort, IN 90542-3603','New Kareemfurt','West Virginia','BCA','Computer Science','Hackett, Kunde and Windler College','72%',1,2,5,'Medical Laboratory Technologist','[\"Designer\"]','Orn-Durgan',17871.46,'1994-10-04',0,0,0,0,1,'Intern','English,Hindi',NULL,'Laravel,SQL,PHP',1,'2025-05-01 09:51:45',10,0,'2025-05-01 09:51:45','2025-05-01 09:51:45',NULL,NULL,NULL,NULL),(10,'Dr. Donavon Huel','1975-03-29','Other','addie59@example.net','19567 Denis Lodge Apt. 818\nSouth Gladys, MI 54660','Laronchester','Virginia','BCA','Computer Science','Schowalter, Ziemann and McKenzie College','79%',1,3,7,'Real Estate Sales Agent','[\"Designer\"]','Gaylord-O\'Hara',18029.23,'2025-04-12',0,0,0,0,1,'Full-Time','Punjabi,English',NULL,'JavaScript,Laravel,PHP',1,'2025-05-01 09:51:45',6,17,'2025-05-01 09:51:45','2025-05-01 09:51:45',NULL,NULL,NULL,NULL),(11,'Wilton Rogahn','1976-12-09','Female','xfarrell@example.org','4154 Dicki Bypass\nSchuppeshire, MN 34927','South Marlen','Mississippi','M.Tech','Computer Science','Hagenes, Simonis and Boehm College','83%',0,4,4,'Construction Driller','[\"Manager\", \"Tester\", \"Developer\"]','Turcotte, Johns and Bogan',22575.41,'2007-01-02',0,0,0,0,0,'Part-Time','English,Punjabi',NULL,'PHP,Laravel,SQL',1,'2025-05-01 09:51:45',6,12,'2025-05-01 09:51:45','2025-05-01 09:51:45',NULL,NULL,NULL,NULL),(12,'Josefina Boehm','1995-10-10','Other','kgleichner@example.org','617 Prosacco Green Apt. 474\nSipesburgh, AL 83758-5393','West Guidoview','Wisconsin','MCA','Mechanical','Schulist, Shields and Grant College','60%',0,0,1,'Payroll Clerk','[\"Manager\", \"Developer\", \"Designer\"]','Bins, Kunze and Rippin',35297.04,'2004-12-01',1,0,1,0,1,'Full-Time','Hindi,Punjabi',NULL,'SQL,Laravel,PHP',1,'2025-05-01 09:51:45',8,19,'2025-05-01 09:51:45','2025-05-01 09:51:45',NULL,NULL,NULL,NULL),(13,'Prof. Jermain Wiegand','1981-04-12','Male','rveum@example.net','59115 Keebler Ports\nMuraziktown, CO 79614','Koelpinshire','New York','MCA','Mechanical','Crist Group College','66%',0,4,1,'Nuclear Monitoring Technician','[\"Designer\", \"Manager\", \"Developer\"]','Stamm, Bergnaum and O\'Kon',23817.92,'2017-06-24',0,0,0,1,0,'Full-Time','Punjabi,English',NULL,'Laravel,React,SQL',1,'2025-05-01 09:51:45',0,1,'2025-05-01 09:51:45','2025-05-01 09:51:45',NULL,NULL,NULL,NULL),(14,'Prof. Emery Lebsack','1981-03-16','Other','schultz.pierce@example.net','3682 Drew Island Apt. 043\nRowanfurt, MI 37492','Port Viva','Wisconsin','BCA','Electronics','Waters-Keebler College','74%',1,4,3,'Actor','[\"Designer\", \"Manager\"]','Denesik Group',25685.33,'2018-08-17',0,1,0,1,1,'Part-Time','Punjabi,Hindi',NULL,'JavaScript,SQL,PHP',1,'2025-05-01 09:51:45',8,6,'2025-05-01 09:51:45','2025-05-01 09:51:45',NULL,NULL,NULL,NULL),(15,'Dr. Toby Trantow','1989-10-29','Male','rath.broderick@example.net','966 Mueller Pike\nHintzside, DC 26983','South Adella','Indiana','B.Tech','Computer Science','Runolfsson LLC College','91%',1,1,1,'Customer Service Representative','[\"Developer\", \"Designer\", \"Tester\"]','Mertz-McCullough',17948.75,'1995-08-20',0,1,0,0,1,'Full-Time','Punjabi,English',NULL,'PHP,React,SQL',1,'2025-05-01 09:51:45',7,4,'2025-05-01 09:51:45','2025-05-01 09:51:45',NULL,NULL,NULL,NULL),(16,'Miss Selina Spencer','1975-11-20','Female','emiliano80@example.com','663 Catalina Wells\nPort Timmothy, MN 55551-7308','Port Novella','Arkansas','M.Tech','Electronics','Fritsch, Waters and Lowe College','90%',1,5,1,'Tool Set-Up Operator','[\"Tester\", \"Manager\", \"Designer\"]','Monahan and Sons',24293.36,'1996-09-12',1,1,1,1,0,'Part-Time','Hindi,English',NULL,'React,SQL,PHP',1,'2025-05-01 09:51:45',0,2,'2025-05-01 09:51:45','2025-05-01 09:51:45',NULL,NULL,NULL,NULL),(17,'Raphaelle Gerlach','2002-11-23','Other','rogahn.bettie@example.org','402 Schroeder Mall\nWest Isaiahmouth, ME 99018','Kleinfort','District of Columbia','M.Tech','Electronics','Gulgowski, Shields and O\'Kon College','75%',0,1,4,'Keyboard Instrument Repairer and Tuner','[\"Tester\", \"Designer\"]','Powlowski, Schowalter and Homenick',35202.16,'2021-08-06',1,0,0,0,0,'Full-Time','Hindi,Punjabi',NULL,'React,Laravel,JavaScript',1,'2025-05-01 09:51:45',4,15,'2025-05-01 09:51:45','2025-05-01 09:51:45',NULL,NULL,NULL,NULL),(18,'Mrs. Electa Leuschke PhD','1991-02-15','Male','uanderson@example.net','65521 Harber Trail Apt. 392\nCormierberg, VT 49980-5981','Roderickberg','West Virginia','M.Tech','Electronics','Windler Ltd College','90%',0,4,4,'Production Control Manager','[\"Designer\", \"Tester\", \"Manager\"]','Russel Inc',44684.04,'1972-07-28',0,1,0,0,0,'Part-Time','Hindi,Punjabi',NULL,'PHP,SQL,JavaScript',1,'2025-05-01 09:51:45',6,10,'2025-05-01 09:51:45','2025-05-01 09:51:45',NULL,NULL,NULL,NULL),(19,'Hailie Gleason','1994-04-15','Female','bruen.daphne@example.net','33858 Krajcik Lane\nPort Dereck, IL 71640-2481','Berniecefort','Florida','BCA','Electronics','Gulgowski-Schmidt College','65%',1,1,8,'Airfield Operations Specialist','[\"Tester\"]','McLaughlin Inc',36352.62,'2021-10-20',1,1,0,1,1,'Full-Time','Hindi,Punjabi',NULL,'JavaScript,Laravel,React',1,'2025-05-01 09:51:45',0,17,'2025-05-01 09:51:45','2025-05-01 09:51:45',NULL,NULL,NULL,NULL),(20,'Alfredo McCullough','1985-05-09','Other','alberta86@example.net','81162 Donnelly Rapids\nNorth Gwendolynland, NE 56614-8262','New Raeganfort','Hawaii','B.Tech','Mechanical','Tremblay Inc College','86%',1,0,1,'Psychologist','[\"Manager\", \"Developer\"]','Heathcote-Beer',39244.76,'1991-05-07',1,1,0,0,0,'Intern','Punjabi,Hindi',NULL,'PHP,SQL,Laravel',1,'2025-05-01 09:51:45',7,19,'2025-05-01 09:51:45','2025-05-01 09:51:45',NULL,NULL,NULL,NULL),(21,NULL,NULL,NULL,'manshu.developer@gmail.com',NULL,NULL,NULL,NULL,NULL,NULL,NULL,0,NULL,NULL,NULL,NULL,NULL,NULL,NULL,0,1,0,1,0,NULL,NULL,NULL,NULL,1,'2025-05-11 02:05:46',0,0,'2025-05-01 10:00:14','2025-05-11 02:05:46',NULL,NULL,NULL,'9lSaDYwLHAKhJ8LHynh2egkFGyvsDBM8yOTmY2L822KX4TzW2HDYlOvcbkvH'),(22,NULL,NULL,NULL,'mehrahimanshu50@gmail.com',NULL,NULL,NULL,NULL,NULL,NULL,NULL,0,NULL,NULL,NULL,NULL,NULL,NULL,NULL,0,1,0,1,0,NULL,NULL,NULL,NULL,1,'2025-05-08 06:56:23',0,0,'2025-05-08 06:54:51','2025-05-08 06:56:23',NULL,NULL,NULL,'NWiR6LuIzOwomC1WukIHgxGfzsTk2UE2fx4FAOyzH1UDZAcHWqRixBY65P6P'),(23,NULL,NULL,NULL,'manshu@mai.com',NULL,NULL,NULL,NULL,NULL,NULL,NULL,0,NULL,NULL,NULL,NULL,NULL,NULL,NULL,0,1,0,1,0,NULL,NULL,NULL,NULL,1,NULL,0,0,'2025-05-10 07:39:04','2025-05-10 07:39:04','315495','2025-05-10 07:49:04',NULL,NULL),(24,NULL,NULL,NULL,'manshusmartboy@gmail.com',NULL,NULL,NULL,NULL,NULL,NULL,NULL,0,NULL,NULL,NULL,NULL,NULL,NULL,NULL,0,1,0,1,0,NULL,NULL,NULL,NULL,1,'2025-05-18 01:10:31',0,0,'2025-05-18 01:10:09','2025-05-18 01:10:31',NULL,NULL,NULL,'2J6gWRQl4s16EGySwtsYQmVUBbBZJCFuZP0ELuBbEef2nuXDO0Xtz3b4jyjh');
/*!40000 ALTER TABLE `candidates` ENABLE KEYS */;
UNLOCK TABLES;

--
-- Table structure for table `companies`
--

DROP TABLE IF EXISTS `companies`;
/*!40101 SET @saved_cs_client     = @@character_set_client */;
/*!50503 SET character_set_client = utf8mb4 */;
CREATE TABLE `companies` (
  `id` bigint unsigned NOT NULL AUTO_INCREMENT,
  `employer_id` bigint unsigned NOT NULL,
  `company_name` varchar(255) COLLATE utf8mb4_unicode_ci NOT NULL,
  `gst_number` varchar(255) COLLATE utf8mb4_unicode_ci DEFAULT NULL,
  `company_location` varchar(255) COLLATE utf8mb4_unicode_ci NOT NULL,
  `contact_person` varchar(255) COLLATE utf8mb4_unicode_ci NOT NULL,
  `contact_email` varchar(255) COLLATE utf8mb4_unicode_ci NOT NULL,
  `contact_phone` varchar(255) COLLATE utf8mb4_unicode_ci NOT NULL,
  `created_at` timestamp NULL DEFAULT NULL,
  `updated_at` timestamp NULL DEFAULT NULL,
  PRIMARY KEY (`id`),
  KEY `companies_employer_id_foreign` (`employer_id`),
  CONSTRAINT `companies_employer_id_foreign` FOREIGN KEY (`employer_id`) REFERENCES `employers` (`id`) ON DELETE CASCADE
) ENGINE=InnoDB DEFAULT CHARSET=utf8mb4 COLLATE=utf8mb4_unicode_ci;
/*!40101 SET character_set_client = @saved_cs_client */;

--
-- Dumping data for table `companies`
--

LOCK TABLES `companies` WRITE;
/*!40000 ALTER TABLE `companies` DISABLE KEYS */;
/*!40000 ALTER TABLE `companies` ENABLE KEYS */;
UNLOCK TABLES;

--
-- Table structure for table `employers`
--

DROP TABLE IF EXISTS `employers`;
/*!40101 SET @saved_cs_client     = @@character_set_client */;
/*!50503 SET character_set_client = utf8mb4 */;
CREATE TABLE `employers` (
  `id` bigint unsigned NOT NULL AUTO_INCREMENT,
  `name` varchar(255) COLLATE utf8mb4_unicode_ci NOT NULL,
  `company_name` varchar(255) COLLATE utf8mb4_unicode_ci DEFAULT NULL,
  `gst_number` varchar(255) COLLATE utf8mb4_unicode_ci DEFAULT NULL,
  `company_location` varchar(255) COLLATE utf8mb4_unicode_ci DEFAULT NULL,
  `company_gst` varchar(255) COLLATE utf8mb4_unicode_ci DEFAULT NULL,
  `contact_person` varchar(255) COLLATE utf8mb4_unicode_ci DEFAULT NULL,
  `contact_email` varchar(255) COLLATE utf8mb4_unicode_ci NOT NULL,
  `contact_phone` varchar(255) COLLATE utf8mb4_unicode_ci DEFAULT NULL,
  `created_at` timestamp NULL DEFAULT NULL,
  `updated_at` timestamp NULL DEFAULT NULL,
  `password` varchar(255) COLLATE utf8mb4_unicode_ci DEFAULT NULL,
  `email_verified_at` timestamp NULL DEFAULT NULL,
  `otp` varchar(255) COLLATE utf8mb4_unicode_ci DEFAULT NULL,
  `session_token` varchar(255) COLLATE utf8mb4_unicode_ci DEFAULT NULL,
  `is_verified` tinyint(1) DEFAULT NULL,
  `is_blocked` tinyint(1) DEFAULT NULL,
  PRIMARY KEY (`id`)
) ENGINE=InnoDB AUTO_INCREMENT=22 DEFAULT CHARSET=utf8mb4 COLLATE=utf8mb4_unicode_ci;
/*!40101 SET character_set_client = @saved_cs_client */;

--
-- Dumping data for table `employers`
--

LOCK TABLES `employers` WRITE;
/*!40000 ALTER TABLE `employers` DISABLE KEYS */;
INSERT INTO `employers` VALUES (1,'','Techverse Pvt Ltd',NULL,'Bangalore, India',NULL,'hr@techverse.com','hr@techverse.com','9876543210','2025-05-01 09:52:01','2025-05-10 07:19:01',NULL,NULL,NULL,NULL,0,0),(2,'','MediCare Solutions',NULL,'Mumbai, India',NULL,'contact@medicare.com','hr@techverse.com','9123456789','2025-05-01 09:52:01','2025-05-01 09:52:01',NULL,NULL,NULL,NULL,0,0),(3,'','Techverse Pvt Ltd',NULL,'Bangalore, India',NULL,'hr@techverse.com','hr@techverse.com','9876543210','2025-05-01 09:53:36','2025-05-01 09:53:36',NULL,NULL,NULL,NULL,0,0),(4,'','MediCare Solutions',NULL,'Mumbai, India',NULL,'contact@medicare.com','hr@techverse.com','9123456789','2025-05-01 09:53:36','2025-05-01 09:53:36',NULL,NULL,NULL,NULL,0,0),(5,'','Techverse Pvt Ltd',NULL,'Bangalore, India',NULL,'hr@techverse.com','hr@techverse.com','9876543210','2025-05-01 09:55:12','2025-05-01 09:55:12',NULL,NULL,NULL,NULL,0,0),(6,'','MediCare Solutions',NULL,'Mumbai, India',NULL,'contact@medicare.com','hr@techverse.com','9123456789','2025-05-01 09:55:12','2025-05-01 09:55:12',NULL,NULL,NULL,NULL,0,0),(7,'','Techverse Pvt Ltd',NULL,'Bangalore, India',NULL,'hr@techverse.com','hr@techverse.com','9876543210','2025-05-01 09:55:28','2025-05-01 09:55:28',NULL,NULL,NULL,NULL,0,0),(8,'','MediCare Solutions',NULL,'Mumbai, India',NULL,'contact@medicare.com','hr@techverse.com','9123456789','2025-05-01 09:55:28','2025-05-10 07:19:03',NULL,NULL,NULL,NULL,0,0),(21,'manshu new dev','Swiggy',NULL,NULL,NULL,NULL,'manshu.developer@gmail.com',NULL,'2025-05-17 23:47:13','2025-05-18 00:57:38','$2y$12$zE4.gRQ7.HfV6DjJiVIGMeJ.9mShT6hsBakxtKXHs2DQkiUFrVcKm','2025-05-17 23:47:13',NULL,NULL,1,0);
/*!40000 ALTER TABLE `employers` ENABLE KEYS */;
UNLOCK TABLES;

--
-- Table structure for table `failed_jobs`
--

DROP TABLE IF EXISTS `failed_jobs`;
/*!40101 SET @saved_cs_client     = @@character_set_client */;
/*!50503 SET character_set_client = utf8mb4 */;
CREATE TABLE `failed_jobs` (
  `id` bigint unsigned NOT NULL AUTO_INCREMENT,
  `uuid` varchar(255) COLLATE utf8mb4_unicode_ci NOT NULL,
  `connection` text COLLATE utf8mb4_unicode_ci NOT NULL,
  `queue` text COLLATE utf8mb4_unicode_ci NOT NULL,
  `payload` longtext COLLATE utf8mb4_unicode_ci NOT NULL,
  `exception` longtext COLLATE utf8mb4_unicode_ci NOT NULL,
  `failed_at` timestamp NOT NULL DEFAULT CURRENT_TIMESTAMP,
  PRIMARY KEY (`id`),
  UNIQUE KEY `failed_jobs_uuid_unique` (`uuid`)
) ENGINE=InnoDB DEFAULT CHARSET=utf8mb4 COLLATE=utf8mb4_unicode_ci;
/*!40101 SET character_set_client = @saved_cs_client */;

--
-- Dumping data for table `failed_jobs`
--

LOCK TABLES `failed_jobs` WRITE;
/*!40000 ALTER TABLE `failed_jobs` DISABLE KEYS */;
/*!40000 ALTER TABLE `failed_jobs` ENABLE KEYS */;
UNLOCK TABLES;

--
-- Table structure for table `job_batches`
--

DROP TABLE IF EXISTS `job_batches`;
/*!40101 SET @saved_cs_client     = @@character_set_client */;
/*!50503 SET character_set_client = utf8mb4 */;
CREATE TABLE `job_batches` (
  `id` varchar(255) COLLATE utf8mb4_unicode_ci NOT NULL,
  `name` varchar(255) COLLATE utf8mb4_unicode_ci NOT NULL,
  `total_jobs` int NOT NULL,
  `pending_jobs` int NOT NULL,
  `failed_jobs` int NOT NULL,
  `failed_job_ids` longtext COLLATE utf8mb4_unicode_ci NOT NULL,
  `options` mediumtext COLLATE utf8mb4_unicode_ci,
  `cancelled_at` int DEFAULT NULL,
  `created_at` int NOT NULL,
  `finished_at` int DEFAULT NULL,
  PRIMARY KEY (`id`)
) ENGINE=InnoDB DEFAULT CHARSET=utf8mb4 COLLATE=utf8mb4_unicode_ci;
/*!40101 SET character_set_client = @saved_cs_client */;

--
-- Dumping data for table `job_batches`
--

LOCK TABLES `job_batches` WRITE;
/*!40000 ALTER TABLE `job_batches` DISABLE KEYS */;
/*!40000 ALTER TABLE `job_batches` ENABLE KEYS */;
UNLOCK TABLES;

--
-- Table structure for table `job_posting_applications`
--

DROP TABLE IF EXISTS `job_posting_applications`;
/*!40101 SET @saved_cs_client     = @@character_set_client */;
/*!50503 SET character_set_client = utf8mb4 */;
CREATE TABLE `job_posting_applications` (
  `id` bigint unsigned NOT NULL AUTO_INCREMENT,
  `user_id` bigint unsigned NOT NULL,
  `job_posting_id` bigint unsigned NOT NULL,
  `status` enum('applied','interview','rejected','hired') COLLATE utf8mb4_unicode_ci NOT NULL,
  `created_at` timestamp NULL DEFAULT NULL,
  `updated_at` timestamp NULL DEFAULT NULL,
  `candidate_id` bigint unsigned NOT NULL,
  PRIMARY KEY (`id`),
  KEY `job_posting_applications_user_id_foreign` (`user_id`),
  KEY `job_posting_applications_job_posting_id_foreign` (`job_posting_id`),
  KEY `job_posting_applications_candidate_id_foreign` (`candidate_id`),
  CONSTRAINT `job_posting_applications_candidate_id_foreign` FOREIGN KEY (`candidate_id`) REFERENCES `candidates` (`id`) ON DELETE CASCADE,
  CONSTRAINT `job_posting_applications_job_posting_id_foreign` FOREIGN KEY (`job_posting_id`) REFERENCES `job_postings` (`id`),
  CONSTRAINT `job_posting_applications_user_id_foreign` FOREIGN KEY (`user_id`) REFERENCES `users` (`id`)
) ENGINE=InnoDB AUTO_INCREMENT=2 DEFAULT CHARSET=utf8mb4 COLLATE=utf8mb4_unicode_ci;
/*!40101 SET character_set_client = @saved_cs_client */;

--
-- Dumping data for table `job_posting_applications`
--

LOCK TABLES `job_posting_applications` WRITE;
/*!40000 ALTER TABLE `job_posting_applications` DISABLE KEYS */;
/*!40000 ALTER TABLE `job_posting_applications` ENABLE KEYS */;
UNLOCK TABLES;

--
-- Table structure for table `job_postings`
--

DROP TABLE IF EXISTS `job_postings`;
/*!40101 SET @saved_cs_client     = @@character_set_client */;
/*!50503 SET character_set_client = utf8mb4 */;
CREATE TABLE `job_postings` (
  `id` bigint unsigned NOT NULL AUTO_INCREMENT,
  `employer_id` bigint unsigned NOT NULL,
  `job_title` varchar(255) COLLATE utf8mb4_unicode_ci NOT NULL,
  `job_type` varchar(50) COLLATE utf8mb4_unicode_ci NOT NULL,
  `location` varchar(255) COLLATE utf8mb4_unicode_ci NOT NULL,
  `work_location_type` varchar(50) COLLATE utf8mb4_unicode_ci NOT NULL,
  `compensation` varchar(255) COLLATE utf8mb4_unicode_ci NOT NULL,
  `pay_type` enum('Hourly','Salary','Per Project') COLLATE utf8mb4_unicode_ci NOT NULL,
  `joining_fee` tinyint(1) NOT NULL DEFAULT '0',
  `basic_requirements` text COLLATE utf8mb4_unicode_ci NOT NULL,
  `additional_requirements` json DEFAULT NULL,
  `is_walkin_interview` tinyint(1) NOT NULL DEFAULT '0',
  `communication_preference` enum('Call','Whatsapp','No Preference') COLLATE utf8mb4_unicode_ci NOT NULL,
  `total_experience_required` int DEFAULT NULL,
  `other_job_titles` json DEFAULT NULL,
  `degree_specialization` json DEFAULT NULL,
  `job_description` text COLLATE utf8mb4_unicode_ci,
  `job_expire_time` int NOT NULL DEFAULT '7',
  `number_of_candidates_required` int NOT NULL DEFAULT '1',
  `created_at` timestamp NULL DEFAULT NULL,
  `updated_at` timestamp NULL DEFAULT NULL,
  PRIMARY KEY (`id`),
  KEY `job_postings_employer_id_foreign` (`employer_id`),
  CONSTRAINT `job_postings_employer_id_foreign` FOREIGN KEY (`employer_id`) REFERENCES `employers` (`id`)
) ENGINE=InnoDB AUTO_INCREMENT=63 DEFAULT CHARSET=utf8mb4 COLLATE=utf8mb4_unicode_ci;
/*!40101 SET character_set_client = @saved_cs_client */;

--
-- Dumping data for table `job_postings`
--

LOCK TABLES `job_postings` WRITE;
/*!40000 ALTER TABLE `job_postings` DISABLE KEYS */;
INSERT INTO `job_postings` VALUES (1,2,'Backend Developer','part_time','Hyderabad, India','onsite','20 LPA','Hourly',0,'Basic knowledge of the domain, strong communication skills.','[\"Team player\", \"Problem-solving skills\"]',1,'Call',2,'[\"Junior HR Executive\", \"Assistant Backend Developer\"]','[\"B.Tech\", \"MBA\", \"B.Sc IT\"]','We are looking for a passionate individual to join our team.',7,8,'2025-05-01 09:52:01','2025-05-01 09:52:01'),(2,2,'Graphic Designer','part_time','Chennai, India','remote','20 LPA','Hourly',0,'Basic knowledge of the domain, strong communication skills.','[\"Team player\", \"Problem-solving skills\"]',1,'Call',5,'[\"Junior Backend Developer\", \"Assistant Network Engineer\"]','[\"B.Tech\", \"MBA\", \"B.Sc IT\"]','We are looking for a passionate individual to join our team.',7,7,'2025-05-01 09:52:01','2025-05-01 09:52:01'),(3,2,'Business Analyst','part_time','Chennai, India','remote','4 LPA','Hourly',0,'Basic knowledge of the domain, strong communication skills.','[\"Team player\", \"Problem-solving skills\"]',0,'Call',0,'[\"Junior Content Writer\", \"Assistant Backend Developer\"]','[\"B.Tech\", \"MBA\", \"B.Sc IT\"]','We are looking for a passionate individual to join our team.',7,8,'2025-05-01 09:52:01','2025-05-01 09:52:01'),(4,1,'Backend Developer','full_time','Mumbai, India','hybrid','4 LPA','Hourly',0,'Basic knowledge of the domain, strong communication skills.','[\"Team player\", \"Problem-solving skills\"]',0,'Call',5,'[\"Junior Network Engineer\", \"Assistant Software Developer\"]','[\"B.Tech\", \"MBA\", \"B.Sc IT\"]','We are looking for a passionate individual to join our team.',7,1,'2025-05-01 09:52:01','2025-05-01 09:52:01'),(5,1,'Frontend Developer','freelance','Chennai, India','onsite','16 LPA','Hourly',0,'Basic knowledge of the domain, strong communication skills.','[\"Team player\", \"Problem-solving skills\"]',1,'Call',1,'[\"Junior Backend Developer\", \"Assistant Backend Developer\"]','[\"B.Tech\", \"MBA\", \"B.Sc IT\"]','We are looking for a passionate individual to join our team.',7,7,'2025-05-01 09:52:01','2025-05-01 09:52:01'),(6,2,'Customer Support Executive','part_time','Hyderabad, India','remote','4 LPA','Hourly',0,'Basic knowledge of the domain, strong communication skills.','[\"Team player\", \"Problem-solving skills\"]',0,'Call',2,'[\"Junior Software Developer\", \"Assistant Graphic Designer\"]','[\"B.Tech\", \"MBA\", \"B.Sc IT\"]','We are looking for a passionate individual to join our team.',7,5,'2025-05-01 09:52:01','2025-05-01 09:52:01'),(7,1,'Sales Manager','internship','Chennai, India','onsite','8 LPA','Hourly',0,'Basic knowledge of the domain, strong communication skills.','[\"Team player\", \"Problem-solving skills\"]',0,'Call',5,'[\"Junior HR Executive\", \"Assistant HR Executive\"]','[\"B.Tech\", \"MBA\", \"B.Sc IT\"]','We are looking for a passionate individual to join our team.',7,4,'2025-05-01 09:52:01','2025-05-01 09:52:01'),(8,2,'Business Analyst','freelance','Hyderabad, India','onsite','10 LPA','Hourly',0,'Basic knowledge of the domain, strong communication skills.','[\"Team player\", \"Problem-solving skills\"]',1,'Call',1,'[\"Junior Backend Developer\", \"Assistant Network Engineer\"]','[\"B.Tech\", \"MBA\", \"B.Sc IT\"]','We are looking for a passionate individual to join our team.',7,6,'2025-05-01 09:52:01','2025-05-01 09:52:01'),(9,2,'Digital Marketer','part_time','Chennai, India','hybrid','5 LPA','Hourly',0,'Basic knowledge of the domain, strong communication skills.','[\"Team player\", \"Problem-solving skills\"]',1,'Call',1,'[\"Junior Frontend Developer\", \"Assistant Frontend Developer\"]','[\"B.Tech\", \"MBA\", \"B.Sc IT\"]','We are looking for a passionate individual to join our team.',7,10,'2025-05-01 09:52:01','2025-05-01 09:52:01'),(10,1,'Content Writer','full_time','Chennai, India','remote','12 LPA','Hourly',0,'Basic knowledge of the domain, strong communication skills.','[\"Team player\", \"Problem-solving skills\"]',1,'Call',1,'[\"Junior QA Tester\", \"Assistant Software Developer\"]','[\"B.Tech\", \"MBA\", \"B.Sc IT\"]','We are looking for a passionate individual to join our team.',7,5,'2025-05-01 09:52:01','2025-05-01 09:52:01'),(11,2,'Customer Support Executive','full_time','Bangalore, India','hybrid','3 LPA','Hourly',0,'Basic knowledge of the domain, strong communication skills.','[\"Team player\", \"Problem-solving skills\"]',1,'Call',2,'[\"Junior Business Analyst\", \"Assistant Backend Developer\"]','[\"B.Tech\", \"MBA\", \"B.Sc IT\"]','We are looking for a passionate individual to join our team.',7,4,'2025-05-01 09:52:01','2025-05-01 09:52:01'),(12,1,'Backend Developer','internship','Bangalore, India','hybrid','15 LPA','Hourly',0,'Basic knowledge of the domain, strong communication skills.','[\"Team player\", \"Problem-solving skills\"]',0,'Call',3,'[\"Junior Backend Developer\", \"Assistant Backend Developer\"]','[\"B.Tech\", \"MBA\", \"B.Sc IT\"]','We are looking for a passionate individual to join our team.',7,10,'2025-05-01 09:52:01','2025-05-01 09:52:01'),(13,1,'Sales Manager','internship','Bangalore, India','hybrid','4 LPA','Hourly',0,'Basic knowledge of the domain, strong communication skills.','[\"Team player\", \"Problem-solving skills\"]',1,'Call',1,'[\"Junior Graphic Designer\", \"Assistant Software Developer\"]','[\"B.Tech\", \"MBA\", \"B.Sc IT\"]','We are looking for a passionate individual to join our team.',7,8,'2025-05-01 09:52:01','2025-05-01 09:52:01'),(14,1,'HR Executive','freelance','Chennai, India','onsite','14 LPA','Hourly',0,'Basic knowledge of the domain, strong communication skills.','[\"Team player\", \"Problem-solving skills\"]',1,'Call',2,'[\"Junior Digital Marketer\", \"Assistant Sales Manager\"]','[\"B.Tech\", \"MBA\", \"B.Sc IT\"]','We are looking for a passionate individual to join our team.',7,10,'2025-05-01 09:52:01','2025-05-01 09:52:01'),(15,1,'Network Engineer','full_time','Pune, India','remote','3 LPA','Hourly',0,'Basic knowledge of the domain, strong communication skills.','[\"Team player\", \"Problem-solving skills\"]',0,'Call',3,'[\"Junior Software Developer\", \"Assistant Network Engineer\"]','[\"B.Tech\", \"MBA\", \"B.Sc IT\"]','We are looking for a passionate individual to join our team.',7,6,'2025-05-01 09:52:01','2025-05-01 09:52:01'),(16,1,'Customer Support Executive','internship','Bangalore, India','onsite','14 LPA','Hourly',0,'Basic knowledge of the domain, strong communication skills.','[\"Team player\", \"Problem-solving skills\"]',0,'Call',3,'[\"Junior Sales Manager\", \"Assistant Content Writer\"]','[\"B.Tech\", \"MBA\", \"B.Sc IT\"]','We are looking for a passionate individual to join our team.',7,6,'2025-05-01 09:52:01','2025-05-01 09:52:01'),(17,1,'Network Engineer','part_time','Hyderabad, India','remote','11 LPA','Hourly',0,'Basic knowledge of the domain, strong communication skills.','[\"Team player\", \"Problem-solving skills\"]',1,'Call',1,'[\"Junior Software Developer\", \"Assistant Backend Developer\"]','[\"B.Tech\", \"MBA\", \"B.Sc IT\"]','We are looking for a passionate individual to join our team.',7,10,'2025-05-01 09:53:36','2025-05-01 09:53:36'),(18,1,'Sales Manager','internship','Chennai, India','remote','7 LPA','Hourly',0,'Basic knowledge of the domain, strong communication skills.','[\"Team player\", \"Problem-solving skills\"]',0,'Call',2,'[\"Junior Frontend Developer\", \"Assistant Business Analyst\"]','[\"B.Tech\", \"MBA\", \"B.Sc IT\"]','We are looking for a passionate individual to join our team.',7,1,'2025-05-01 09:53:36','2025-05-01 09:53:36'),(19,2,'Sales Manager','part_time','Pune, India','onsite','16 LPA','Hourly',0,'Basic knowledge of the domain, strong communication skills.','[\"Team player\", \"Problem-solving skills\"]',0,'Call',1,'[\"Junior Software Developer\", \"Assistant Graphic Designer\"]','[\"B.Tech\", \"MBA\", \"B.Sc IT\"]','We are looking for a passionate individual to join our team.',7,3,'2025-05-01 09:53:36','2025-05-01 09:53:36'),(20,2,'HR Executive','full_time','Bangalore, India','onsite','4 LPA','Hourly',0,'Basic knowledge of the domain, strong communication skills.','[\"Team player\", \"Problem-solving skills\"]',0,'Call',3,'[\"Junior Sales Manager\", \"Assistant Graphic Designer\"]','[\"B.Tech\", \"MBA\", \"B.Sc IT\"]','We are looking for a passionate individual to join our team.',7,3,'2025-05-01 09:53:36','2025-05-01 09:53:36'),(21,2,'Graphic Designer','freelance','Mumbai, India','remote','14 LPA','Hourly',0,'Basic knowledge of the domain, strong communication skills.','[\"Team player\", \"Problem-solving skills\"]',1,'Call',2,'[\"Junior Backend Developer\", \"Assistant Content Writer\"]','[\"B.Tech\", \"MBA\", \"B.Sc IT\"]','We are looking for a passionate individual to join our team.',7,9,'2025-05-01 09:53:36','2025-05-01 09:53:36'),(22,1,'Backend Developer','internship','Pune, India','onsite','6 LPA','Hourly',0,'Basic knowledge of the domain, strong communication skills.','[\"Team player\", \"Problem-solving skills\"]',0,'Call',4,'[\"Junior Digital Marketer\", \"Assistant Customer Support Executive\"]','[\"B.Tech\", \"MBA\", \"B.Sc IT\"]','We are looking for a passionate individual to join our team.',7,7,'2025-05-01 09:53:36','2025-05-01 09:53:36'),(23,1,'Digital Marketer','part_time','Mumbai, India','remote','4 LPA','Hourly',0,'Basic knowledge of the domain, strong communication skills.','[\"Team player\", \"Problem-solving skills\"]',1,'Call',0,'[\"Junior Sales Manager\", \"Assistant HR Executive\"]','[\"B.Tech\", \"MBA\", \"B.Sc IT\"]','We are looking for a passionate individual to join our team.',7,5,'2025-05-01 09:53:36','2025-05-01 09:53:36'),(24,1,'HR Executive','part_time','Chennai, India','hybrid','10 LPA','Hourly',0,'Basic knowledge of the domain, strong communication skills.','[\"Team player\", \"Problem-solving skills\"]',0,'Call',0,'[\"Junior Customer Support Executive\", \"Assistant Backend Developer\"]','[\"B.Tech\", \"MBA\", \"B.Sc IT\"]','We are looking for a passionate individual to join our team.',7,2,'2025-05-01 09:53:36','2025-05-01 09:53:36'),(25,1,'Digital Marketer','freelance','Hyderabad, India','remote','16 LPA','Hourly',0,'Basic knowledge of the domain, strong communication skills.','[\"Team player\", \"Problem-solving skills\"]',1,'Call',2,'[\"Junior Frontend Developer\", \"Assistant Content Writer\"]','[\"B.Tech\", \"MBA\", \"B.Sc IT\"]','We are looking for a passionate individual to join our team.',7,4,'2025-05-01 09:53:36','2025-05-01 09:53:36'),(26,2,'Graphic Designer','full_time','Hyderabad, India','remote','15 LPA','Hourly',0,'Basic knowledge of the domain, strong communication skills.','[\"Team player\", \"Problem-solving skills\"]',0,'Call',1,'[\"Junior Software Developer\", \"Assistant Frontend Developer\"]','[\"B.Tech\", \"MBA\", \"B.Sc IT\"]','We are looking for a passionate individual to join our team.',7,6,'2025-05-01 09:53:36','2025-05-01 09:53:36'),(27,2,'Backend Developer','freelance','Pune, India','remote','5 LPA','Hourly',0,'Basic knowledge of the domain, strong communication skills.','[\"Team player\", \"Problem-solving skills\"]',1,'Call',2,'[\"Junior Content Writer\", \"Assistant Backend Developer\"]','[\"B.Tech\", \"MBA\", \"B.Sc IT\"]','We are looking for a passionate individual to join our team.',7,3,'2025-05-01 09:53:36','2025-05-01 09:53:36'),(28,2,'Sales Manager','part_time','Hyderabad, India','onsite','17 LPA','Hourly',0,'Basic knowledge of the domain, strong communication skills.','[\"Team player\", \"Problem-solving skills\"]',0,'Call',5,'[\"Junior HR Executive\", \"Assistant Content Writer\"]','[\"B.Tech\", \"MBA\", \"B.Sc IT\"]','We are looking for a passionate individual to join our team.',7,6,'2025-05-01 09:55:12','2025-05-01 09:55:12'),(29,1,'Frontend Developer','part_time','Mumbai, India','remote','6 LPA','Hourly',0,'Basic knowledge of the domain, strong communication skills.','[\"Team player\", \"Problem-solving skills\"]',0,'Call',4,'[\"Junior Content Writer\", \"Assistant Digital Marketer\"]','[\"B.Tech\", \"MBA\", \"B.Sc IT\"]','We are looking for a passionate individual to join our team.',7,10,'2025-05-01 09:55:12','2025-05-01 09:55:12'),(30,1,'Graphic Designer','full_time','Mumbai, India','onsite','10 LPA','Hourly',0,'Basic knowledge of the domain, strong communication skills.','[\"Team player\", \"Problem-solving skills\"]',0,'Call',2,'[\"Junior Backend Developer\", \"Assistant Network Engineer\"]','[\"B.Tech\", \"MBA\", \"B.Sc IT\"]','We are looking for a passionate individual to join our team.',7,8,'2025-05-01 09:55:12','2025-05-01 09:55:12'),(31,2,'Graphic Designer','full_time','Hyderabad, India','remote','4 LPA','Hourly',0,'Basic knowledge of the domain, strong communication skills.','[\"Team player\", \"Problem-solving skills\"]',0,'Call',3,'[\"Junior Sales Manager\", \"Assistant HR Executive\"]','[\"B.Tech\", \"MBA\", \"B.Sc IT\"]','We are looking for a passionate individual to join our team.',7,7,'2025-05-01 09:55:12','2025-05-01 09:55:12'),(32,1,'Backend Developer','freelance','Bangalore, India','onsite','19 LPA','Hourly',0,'Basic knowledge of the domain, strong communication skills.','[\"Team player\", \"Problem-solving skills\"]',1,'Call',0,'[\"Junior Digital Marketer\", \"Assistant Business Analyst\"]','[\"B.Tech\", \"MBA\", \"B.Sc IT\"]','We are looking for a passionate individual to join our team.',7,10,'2025-05-01 09:55:12','2025-05-01 09:55:12'),(33,2,'Graphic Designer','internship','Hyderabad, India','remote','4 LPA','Hourly',0,'Basic knowledge of the domain, strong communication skills.','[\"Team player\", \"Problem-solving skills\"]',0,'Call',1,'[\"Junior Backend Developer\", \"Assistant Customer Support Executive\"]','[\"B.Tech\", \"MBA\", \"B.Sc IT\"]','We are looking for a passionate individual to join our team.',7,3,'2025-05-01 09:55:12','2025-05-01 09:55:12'),(34,2,'HR Executive','full_time','Mumbai, India','onsite','12 LPA','Hourly',0,'Basic knowledge of the domain, strong communication skills.','[\"Team player\", \"Problem-solving skills\"]',0,'Call',5,'[\"Junior Sales Manager\", \"Assistant Graphic Designer\"]','[\"B.Tech\", \"MBA\", \"B.Sc IT\"]','We are looking for a passionate individual to join our team.',7,7,'2025-05-01 09:55:12','2025-05-01 09:55:12'),(35,1,'Customer Support Executive','internship','Mumbai, India','onsite','3 LPA','Hourly',0,'Basic knowledge of the domain, strong communication skills.','[\"Team player\", \"Problem-solving skills\"]',0,'Call',1,'[\"Junior Customer Support Executive\", \"Assistant Business Analyst\"]','[\"B.Tech\", \"MBA\", \"B.Sc IT\"]','We are looking for a passionate individual to join our team.',7,5,'2025-05-01 09:55:12','2025-05-01 09:55:12'),(36,2,'Frontend Developer','freelance','Mumbai, India','hybrid','12 LPA','Hourly',0,'Basic knowledge of the domain, strong communication skills.','[\"Team player\", \"Problem-solving skills\"]',0,'Call',1,'[\"Junior Graphic Designer\", \"Assistant Digital Marketer\"]','[\"B.Tech\", \"MBA\", \"B.Sc IT\"]','We are looking for a passionate individual to join our team.',7,3,'2025-05-01 09:55:12','2025-05-01 09:55:12'),(37,2,'Frontend Developer','part_time','Bangalore, India','remote','15 LPA','Hourly',0,'Basic knowledge of the domain, strong communication skills.','[\"Team player\", \"Problem-solving skills\"]',1,'Call',4,'[\"Junior Backend Developer\", \"Assistant Network Engineer\"]','[\"B.Tech\", \"MBA\", \"B.Sc IT\"]','We are looking for a passionate individual to join our team.',7,1,'2025-05-01 09:55:12','2025-05-01 09:55:12'),(38,1,'QA Tester','full_time','Chennai, India','remote','12 LPA','Hourly',0,'Basic knowledge of the domain, strong communication skills.','[\"Team player\", \"Problem-solving skills\"]',1,'Call',3,'[\"Junior Backend Developer\", \"Assistant HR Executive\"]','[\"B.Tech\", \"MBA\", \"B.Sc IT\"]','We are looking for a passionate individual to join our team.',7,8,'2025-05-01 09:55:12','2025-05-01 09:55:12'),(39,1,'Network Engineer','freelance','Pune, India','remote','5 LPA','Hourly',0,'Basic knowledge of the domain, strong communication skills.','[\"Team player\", \"Problem-solving skills\"]',1,'Call',0,'[\"Junior Network Engineer\", \"Assistant Backend Developer\"]','[\"B.Tech\", \"MBA\", \"B.Sc IT\"]','We are looking for a passionate individual to join our team.',7,4,'2025-05-01 09:55:12','2025-05-01 09:55:12'),(40,1,'Sales Manager','freelance','Bangalore, India','onsite','17 LPA','Hourly',0,'Basic knowledge of the domain, strong communication skills.','[\"Team player\", \"Problem-solving skills\"]',0,'Call',3,'[\"Junior Content Writer\", \"Assistant Software Developer\"]','[\"B.Tech\", \"MBA\", \"B.Sc IT\"]','We are looking for a passionate individual to join our team.',7,3,'2025-05-01 09:55:12','2025-05-01 09:55:12'),(41,2,'Backend Developer','freelance','Pune, India','hybrid','16 LPA','Hourly',0,'Basic knowledge of the domain, strong communication skills.','[\"Team player\", \"Problem-solving skills\"]',0,'Call',1,'[\"Junior Business Analyst\", \"Assistant Business Analyst\"]','[\"B.Tech\", \"MBA\", \"B.Sc IT\"]','We are looking for a passionate individual to join our team.',7,2,'2025-05-01 09:55:12','2025-05-01 09:55:12'),(42,2,'QA Tester','freelance','Mumbai, India','remote','20 LPA','Hourly',0,'Basic knowledge of the domain, strong communication skills.','[\"Team player\", \"Problem-solving skills\"]',1,'Call',2,'[\"Junior Graphic Designer\", \"Assistant Frontend Developer\"]','[\"B.Tech\", \"MBA\", \"B.Sc IT\"]','We are looking for a passionate individual to join our team.',7,8,'2025-05-01 09:55:12','2025-05-01 09:55:12'),(43,2,'Content Writer','part_time','Chennai, India','onsite','4 LPA','Hourly',0,'Basic knowledge of the domain, strong communication skills.','[\"Team player\", \"Problem-solving skills\"]',0,'Call',5,'[\"Junior Graphic Designer\", \"Assistant Sales Manager\"]','[\"B.Tech\", \"MBA\", \"B.Sc IT\"]','We are looking for a passionate individual to join our team.',7,10,'2025-05-01 09:55:12','2025-05-01 09:55:12'),(44,1,'Backend Developer','part_time','Mumbai, India','remote','18 LPA','Hourly',0,'Basic knowledge of the domain, strong communication skills.','[\"Team player\", \"Problem-solving skills\"]',0,'Call',0,'[\"Junior Sales Manager\", \"Assistant Network Engineer\"]','[\"B.Tech\", \"MBA\", \"B.Sc IT\"]','We are looking for a passionate individual to join our team.',7,1,'2025-05-01 09:55:12','2025-05-01 09:55:12'),(45,1,'QA Tester','freelance','Pune, India','onsite','13 LPA','Hourly',0,'Basic knowledge of the domain, strong communication skills.','[\"Team player\", \"Problem-solving skills\"]',0,'Call',1,'[\"Junior Content Writer\", \"Assistant QA Tester\"]','[\"B.Tech\", \"MBA\", \"B.Sc IT\"]','We are looking for a passionate individual to join our team.',7,8,'2025-05-01 09:55:28','2025-05-01 09:55:28'),(46,1,'Digital Marketer','freelance','Mumbai, India','remote','16 LPA','Hourly',0,'Basic knowledge of the domain, strong communication skills.','[\"Team player\", \"Problem-solving skills\"]',1,'Call',3,'[\"Junior Digital Marketer\", \"Assistant Business Analyst\"]','[\"B.Tech\", \"MBA\", \"B.Sc IT\"]','We are looking for a passionate individual to join our team.',7,10,'2025-05-01 09:55:28','2025-05-01 09:55:28'),(47,1,'Network Engineer','freelance','Pune, India','remote','9 LPA','Hourly',0,'Basic knowledge of the domain, strong communication skills.','[\"Team player\", \"Problem-solving skills\"]',1,'Call',1,'[\"Junior Backend Developer\", \"Assistant Graphic Designer\"]','[\"B.Tech\", \"MBA\", \"B.Sc IT\"]','We are looking for a passionate individual to join our team.',7,3,'2025-05-01 09:55:28','2025-05-01 09:55:28'),(48,1,'Network Engineer','full_time','Hyderabad, India','onsite','5 LPA','Hourly',0,'Basic knowledge of the domain, strong communication skills.','[\"Team player\", \"Problem-solving skills\"]',1,'Call',4,'[\"Junior Sales Manager\", \"Assistant Customer Support Executive\"]','[\"B.Tech\", \"MBA\", \"B.Sc IT\"]','We are looking for a passionate individual to join our team.',7,6,'2025-05-01 09:55:28','2025-05-01 09:55:28'),(49,2,'Backend Developer','internship','Pune, India','remote','10 LPA','Hourly',0,'Basic knowledge of the domain, strong communication skills.','[\"Team player\", \"Problem-solving skills\"]',0,'Call',2,'[\"Junior Business Analyst\", \"Assistant Frontend Developer\"]','[\"B.Tech\", \"MBA\", \"B.Sc IT\"]','We are looking for a passionate individual to join our team.',7,2,'2025-05-01 09:55:28','2025-05-01 09:55:28'),(50,2,'HR Executive','internship','Chennai, India','hybrid','7 LPA','Hourly',0,'Basic knowledge of the domain, strong communication skills.','[\"Team player\", \"Problem-solving skills\"]',1,'Call',3,'[\"Junior Software Developer\", \"Assistant Graphic Designer\"]','[\"B.Tech\", \"MBA\", \"B.Sc IT\"]','We are looking for a passionate individual to join our team.',7,1,'2025-05-01 09:55:28','2025-05-01 09:55:28'),(51,1,'Customer Support Executive','internship','Pune, India','remote','3 LPA','Hourly',0,'Basic knowledge of the domain, strong communication skills.','[\"Team player\", \"Problem-solving skills\"]',0,'Call',4,'[\"Junior Content Writer\", \"Assistant Graphic Designer\"]','[\"B.Tech\", \"MBA\", \"B.Sc IT\"]','We are looking for a passionate individual to join our team.',7,7,'2025-05-01 09:55:28','2025-05-01 09:55:28'),(52,2,'Software Developer','full_time','Chennai, India','hybrid','16 LPA','Hourly',0,'Basic knowledge of the domain, strong communication skills.','[\"Team player\", \"Problem-solving skills\"]',0,'Call',5,'[\"Junior Software Developer\", \"Assistant Digital Marketer\"]','[\"B.Tech\", \"MBA\", \"B.Sc IT\"]','We are looking for a passionate individual to join our team.',7,2,'2025-05-01 09:55:28','2025-05-01 09:55:28'),(53,2,'Digital Marketer','part_time','Mumbai, India','onsite','8 LPA','Hourly',0,'Basic knowledge of the domain, strong communication skills.','[\"Team player\", \"Problem-solving skills\"]',1,'Call',4,'[\"Junior Business Analyst\", \"Assistant Business Analyst\"]','[\"B.Tech\", \"MBA\", \"B.Sc IT\"]','We are looking for a passionate individual to join our team.',7,3,'2025-05-01 09:55:28','2025-05-01 09:55:28'),(54,2,'Sales Manager','freelance','Hyderabad, India','hybrid','11 LPA','Hourly',0,'Basic knowledge of the domain, strong communication skills.','[\"Team player\", \"Problem-solving skills\"]',0,'Call',3,'[\"Junior Sales Manager\", \"Assistant Business Analyst\"]','[\"B.Tech\", \"MBA\", \"B.Sc IT\"]','We are looking for a passionate individual to join our team.',7,7,'2025-05-01 09:55:28','2025-05-01 09:55:28'),(55,2,'Content Writer','internship','Mumbai, India','hybrid','9 LPA','Hourly',0,'Basic knowledge of the domain, strong communication skills.','[\"Team player\", \"Problem-solving skills\"]',0,'Call',5,'[\"Junior Business Analyst\", \"Assistant Content Writer\"]','[\"B.Tech\", \"MBA\", \"B.Sc IT\"]','We are looking for a passionate individual to join our team.',7,2,'2025-05-01 09:55:28','2025-05-01 09:55:28'),(56,1,'Customer Support Executive','freelance','Pune, India','hybrid','15 LPA','Hourly',0,'Basic knowledge of the domain, strong communication skills.','[\"Team player\", \"Problem-solving skills\"]',1,'Call',2,'[\"Junior QA Tester\", \"Assistant HR Executive\"]','[\"B.Tech\", \"MBA\", \"B.Sc IT\"]','We are looking for a passionate individual to join our team.',7,2,'2025-05-01 09:55:28','2025-05-01 09:55:28'),(57,2,'Business Analyst','full_time','Bangalore, India','remote','10 LPA','Hourly',0,'Basic knowledge of the domain, strong communication skills.','[\"Team player\", \"Problem-solving skills\"]',1,'Call',3,'[\"Junior Network Engineer\", \"Assistant Software Developer\"]','[\"B.Tech\", \"MBA\", \"B.Sc IT\"]','We are looking for a passionate individual to join our team.',7,2,'2025-05-01 09:55:28','2025-05-01 09:55:28'),(58,1,'Software Engineer','Full-Time','New York','Hybrid','100000','Salary',0,'5+ years of experience, proficient in PHP','\"{\\\"skills\\\": [\\\"Laravel\\\", \\\"MySQL\\\"]}\"',0,'No Preference',5,'\"[\\\"Backend Developer\\\", \\\"Full Stack Developer\\\"]\"','\"[\\\"Computer Science\\\", \\\"Information Technology\\\"]\"','Develop and maintain web applications.',14,2,'2025-05-13 10:41:13','2025-05-13 10:41:13'),(61,21,'Full Satck Developer','Full-Time','AMbala','Work from Home','20000-20000','Hourly',0,'f4r42','\"[\\\"skillfwefwrffr42\\\"]\"',0,'No Preference',0,'\"[\\\"Software Engineer\\\",\\\"Designer\\\"]\"','\"[\\\"High School\\\"]\"','rwfrf',1,10,'2025-05-18 01:04:57','2025-05-18 01:04:57'),(62,21,'Frontend Developer','Full-Time','AMbala','Work from Home','20000-200000','Salary',0,'42f32fr2','\"[\\\"24fr24\\\"]\"',0,'No Preference',7,'\"[\\\"Software Engineer\\\"]\"','\"[\\\"Bachelor\'s Degree\\\"]\"','wfeff',10,10,'2025-05-18 01:09:28','2025-05-18 01:09:28');
/*!40000 ALTER TABLE `job_postings` ENABLE KEYS */;
UNLOCK TABLES;

--
-- Table structure for table `jobs`
--

DROP TABLE IF EXISTS `jobs`;
/*!40101 SET @saved_cs_client     = @@character_set_client */;
/*!50503 SET character_set_client = utf8mb4 */;
CREATE TABLE `jobs` (
  `id` bigint unsigned NOT NULL AUTO_INCREMENT,
  `queue` varchar(255) COLLATE utf8mb4_unicode_ci NOT NULL,
  `payload` longtext COLLATE utf8mb4_unicode_ci NOT NULL,
  `attempts` tinyint unsigned NOT NULL,
  `reserved_at` int unsigned DEFAULT NULL,
  `available_at` int unsigned NOT NULL,
  `created_at` int unsigned NOT NULL,
  PRIMARY KEY (`id`),
  KEY `jobs_queue_index` (`queue`)
) ENGINE=InnoDB DEFAULT CHARSET=utf8mb4 COLLATE=utf8mb4_unicode_ci;
/*!40101 SET character_set_client = @saved_cs_client */;

--
-- Dumping data for table `jobs`
--

LOCK TABLES `jobs` WRITE;
/*!40000 ALTER TABLE `jobs` DISABLE KEYS */;
/*!40000 ALTER TABLE `jobs` ENABLE KEYS */;
UNLOCK TABLES;

--
-- Table structure for table `migrations`
--

DROP TABLE IF EXISTS `migrations`;
/*!40101 SET @saved_cs_client     = @@character_set_client */;
/*!50503 SET character_set_client = utf8mb4 */;
CREATE TABLE `migrations` (
  `id` int unsigned NOT NULL AUTO_INCREMENT,
  `migration` varchar(255) COLLATE utf8mb4_unicode_ci NOT NULL,
  `batch` int NOT NULL,
  PRIMARY KEY (`id`)
) ENGINE=InnoDB AUTO_INCREMENT=25 DEFAULT CHARSET=utf8mb4 COLLATE=utf8mb4_unicode_ci;
/*!40101 SET character_set_client = @saved_cs_client */;

--
-- Dumping data for table `migrations`
--

LOCK TABLES `migrations` WRITE;
/*!40000 ALTER TABLE `migrations` DISABLE KEYS */;
INSERT INTO `migrations` VALUES (1,'0001_01_01_000000_create_users_table',1),(2,'0001_01_01_000001_create_cache_table',1),(3,'0001_01_01_000002_create_jobs_table',1),(4,'2025_04_23_151109_create_candidates_table',1),(5,'2025_04_23_151408_create_candidate_educations_table',1),(6,'2025_04_23_151430_create_candidate_experiences_table',1),(7,'2025_04_23_151453_create_candidate_skills_table',1),(8,'2025_04_23_151541_create_candidate_languages_table',1),(9,'2025_04_23_154810_create_employers_table',1),(10,'2025_04_23_154855_create_job_postings_table',1),(11,'2025_04_23_155959_create_job_posting_applications_table',1),(12,'2025_04_26_071329_alter_job_type_column_in_job_postings_table',1),(13,'2025_04_26_071434_alter_work_location_type_column_in_job_postings_table',1),(14,'2025_04_26_073057_modify_status_column_in_job_posting_applications_table',1),(15,'2025_04_27_054200_add_otp_fields_to_candidates_table',1),(16,'2025_04_27_105808_create_personal_access_tokens_table',1),(17,'2025_04_27_110508_make_full_name_nullable_in_candidates_table',2),(18,'2025_05_01_152249_add_candidate_id_to_job_posting_applications_table',3),(19,'2025_05_10_123509_add_fields_to_employers_table',4),(20,'2025_05_10_123600_create_companies_table',5),(21,'2025_05_10_123954_add_auth_fields_to_employers_table',6),(22,'2025_05_10_124815_add_is_blocked_to_employers_table',7),(23,'add_session_token_to_employers_table',8),(24,'2025_05_11_065811_create_otp_verifications_table',9);
/*!40000 ALTER TABLE `migrations` ENABLE KEYS */;
UNLOCK TABLES;

--
-- Table structure for table `otp_verifications`
--

DROP TABLE IF EXISTS `otp_verifications`;
/*!40101 SET @saved_cs_client     = @@character_set_client */;
/*!50503 SET character_set_client = utf8mb4 */;
CREATE TABLE `otp_verifications` (
  `id` bigint unsigned NOT NULL AUTO_INCREMENT,
  `email` varchar(255) COLLATE utf8mb4_unicode_ci NOT NULL,
  `otp` varchar(255) COLLATE utf8mb4_unicode_ci NOT NULL,
  `expires_at` timestamp NOT NULL,
  `created_at` timestamp NULL DEFAULT NULL,
  `updated_at` timestamp NULL DEFAULT NULL,
  PRIMARY KEY (`id`)
) ENGINE=InnoDB AUTO_INCREMENT=10 DEFAULT CHARSET=utf8mb4 COLLATE=utf8mb4_unicode_ci;
/*!40101 SET character_set_client = @saved_cs_client */;

--
-- Dumping data for table `otp_verifications`
--

LOCK TABLES `otp_verifications` WRITE;
/*!40000 ALTER TABLE `otp_verifications` DISABLE KEYS */;
INSERT INTO `otp_verifications` VALUES (2,'manshu.develoepr@gmail.com','434706','2025-05-11 02:14:03','2025-05-11 02:04:03','2025-05-11 02:04:03'),(6,'manshu.developer@gmail.com','939958','2025-05-18 00:05:35','2025-05-12 08:48:44','2025-05-17 23:55:35'),(7,'masnhu.developer@gmail.com','902966','2025-05-12 09:02:37','2025-05-12 08:52:37','2025-05-12 08:52:37'),(8,'manshusmartboy@gmail.com','651297','2025-05-17 23:40:45','2025-05-14 10:41:56','2025-05-17 23:30:45'),(9,'mehrahimanshu50@gmail.com','445323','2025-05-15 08:00:09','2025-05-14 10:43:07','2025-05-15 07:50:09');
/*!40000 ALTER TABLE `otp_verifications` ENABLE KEYS */;
UNLOCK TABLES;

--
-- Table structure for table `password_reset_tokens`
--

DROP TABLE IF EXISTS `password_reset_tokens`;
/*!40101 SET @saved_cs_client     = @@character_set_client */;
/*!50503 SET character_set_client = utf8mb4 */;
CREATE TABLE `password_reset_tokens` (
  `email` varchar(255) COLLATE utf8mb4_unicode_ci NOT NULL,
  `token` varchar(255) COLLATE utf8mb4_unicode_ci NOT NULL,
  `created_at` timestamp NULL DEFAULT NULL,
  PRIMARY KEY (`email`)
) ENGINE=InnoDB DEFAULT CHARSET=utf8mb4 COLLATE=utf8mb4_unicode_ci;
/*!40101 SET character_set_client = @saved_cs_client */;

--
-- Dumping data for table `password_reset_tokens`
--

LOCK TABLES `password_reset_tokens` WRITE;
/*!40000 ALTER TABLE `password_reset_tokens` DISABLE KEYS */;
/*!40000 ALTER TABLE `password_reset_tokens` ENABLE KEYS */;
UNLOCK TABLES;

--
-- Table structure for table `personal_access_tokens`
--

DROP TABLE IF EXISTS `personal_access_tokens`;
/*!40101 SET @saved_cs_client     = @@character_set_client */;
/*!50503 SET character_set_client = utf8mb4 */;
CREATE TABLE `personal_access_tokens` (
  `id` bigint unsigned NOT NULL AUTO_INCREMENT,
  `tokenable_type` varchar(255) COLLATE utf8mb4_unicode_ci NOT NULL,
  `tokenable_id` bigint unsigned NOT NULL,
  `name` varchar(255) COLLATE utf8mb4_unicode_ci NOT NULL,
  `token` varchar(64) COLLATE utf8mb4_unicode_ci NOT NULL,
  `abilities` text COLLATE utf8mb4_unicode_ci,
  `last_used_at` timestamp NULL DEFAULT NULL,
  `expires_at` timestamp NULL DEFAULT NULL,
  `created_at` timestamp NULL DEFAULT NULL,
  `updated_at` timestamp NULL DEFAULT NULL,
  PRIMARY KEY (`id`),
  UNIQUE KEY `personal_access_tokens_token_unique` (`token`),
  KEY `personal_access_tokens_tokenable_type_tokenable_id_index` (`tokenable_type`,`tokenable_id`)
) ENGINE=InnoDB AUTO_INCREMENT=6 DEFAULT CHARSET=utf8mb4 COLLATE=utf8mb4_unicode_ci;
/*!40101 SET character_set_client = @saved_cs_client */;

--
-- Dumping data for table `personal_access_tokens`
--

LOCK TABLES `personal_access_tokens` WRITE;
/*!40000 ALTER TABLE `personal_access_tokens` DISABLE KEYS */;
INSERT INTO `personal_access_tokens` VALUES (1,'App\\Models\\Employer',17,'EmployerToken','f74bad65e79ae1f4fdbd19010c16b23bb792d120bc4a4aa7fca219fdaa71a2b6','[\"*\"]','2025-05-12 09:26:12',NULL,'2025-05-12 09:02:13','2025-05-12 09:26:12'),(2,'App\\Models\\Employer',18,'EmployerToken','9e360889ea7d0bff7e2264fd705197b7bfb383d56f08ecb255adf337528e5b1b','[\"*\"]','2025-05-13 10:31:54',NULL,'2025-05-13 08:46:59','2025-05-13 10:31:54'),(3,'App\\Models\\Employer',19,'EmployerToken','f8f6d61be50afa4fbc707141d6cdde015b1f3ce2c805a01f6d329acebd35bc97','[\"*\"]','2025-05-14 10:31:15',NULL,'2025-05-14 09:37:03','2025-05-14 10:31:15'),(4,'App\\Models\\Employer',20,'EmployerToken','044fca0dc565cda65b7d8b50fbd836349a1c630d9044f29e319f7aa350fa9f58','[\"*\"]','2025-05-16 10:04:57',NULL,'2025-05-15 08:11:57','2025-05-16 10:04:57'),(5,'App\\Models\\Employer',21,'EmployerToken','8cf1add6f02e7d5a22437fd9e8235d9ec2a793eb0ef09bcc5c7569e010deb355','[\"*\"]','2025-05-18 01:09:33',NULL,'2025-05-17 23:47:17','2025-05-18 01:09:33');
/*!40000 ALTER TABLE `personal_access_tokens` ENABLE KEYS */;
UNLOCK TABLES;

--
-- Table structure for table `sessions`
--

DROP TABLE IF EXISTS `sessions`;
/*!40101 SET @saved_cs_client     = @@character_set_client */;
/*!50503 SET character_set_client = utf8mb4 */;
CREATE TABLE `sessions` (
  `id` varchar(255) COLLATE utf8mb4_unicode_ci NOT NULL,
  `user_id` bigint unsigned DEFAULT NULL,
  `ip_address` varchar(45) COLLATE utf8mb4_unicode_ci DEFAULT NULL,
  `user_agent` text COLLATE utf8mb4_unicode_ci,
  `payload` longtext COLLATE utf8mb4_unicode_ci NOT NULL,
  `last_activity` int NOT NULL,
  PRIMARY KEY (`id`),
  KEY `sessions_user_id_index` (`user_id`),
  KEY `sessions_last_activity_index` (`last_activity`)
) ENGINE=InnoDB DEFAULT CHARSET=utf8mb4 COLLATE=utf8mb4_unicode_ci;
/*!40101 SET character_set_client = @saved_cs_client */;

--
-- Dumping data for table `sessions`
--

LOCK TABLES `sessions` WRITE;
/*!40000 ALTER TABLE `sessions` DISABLE KEYS */;
INSERT INTO `sessions` VALUES ('24gNo4sQePvM0CeEHJ5ng9n3VDw5WZETYyR9uUNR',1,'127.0.0.1','Mozilla/5.0 (Macintosh; Intel Mac OS X 10_15_7) AppleWebKit/537.36 (KHTML, like Gecko) Chrome/136.0.0.0 Safari/537.36','YTo2OntzOjY6Il90b2tlbiI7czo0MDoicVI3WlpsTnFRNjk0dGJrd2RhQnlMSjFMZTNxbHVWMEp1eGI5ck9KaCI7czo5OiJfcHJldmlvdXMiO2E6MTp7czozOiJ1cmwiO3M6Mjc6Imh0dHA6Ly9sb2NhbGhvc3Q6ODAwMC9hZG1pbiI7fXM6NjoiX2ZsYXNoIjthOjI6e3M6Mzoib2xkIjthOjA6e31zOjM6Im5ldyI7YTowOnt9fXM6MzoidXJsIjthOjA6e31zOjUwOiJsb2dpbl93ZWJfNTliYTM2YWRkYzJiMmY5NDAxNTgwZjAxNGM3ZjU4ZWE0ZTMwOTg5ZCI7aToxO3M6MTc6InBhc3N3b3JkX2hhc2hfd2ViIjtzOjYwOiIkMnkkMTIkTGlDYy9XS25jRzVkU2E1T2lzbThxT2hMWnl2bXc4M3RQN2szNGZQS3dUUTM2bjgxWHNhQ20iO30=',1747153193),('rV2c7Q1KkuZHco4EaX0CzCUseISYuCMPFkVq2cA1',1,'127.0.0.1','Mozilla/5.0 (Macintosh; Intel Mac OS X 10_15_7) AppleWebKit/537.36 (KHTML, like Gecko) Chrome/136.0.0.0 Safari/537.36','YTo3OntzOjY6Il90b2tlbiI7czo0MDoiRDNTQWo2V3VjSWhhTXBYc2tqRmg5emlYdFdPTGIwN01nSjVNUmUxTiI7czozOiJ1cmwiO2E6MDp7fXM6OToiX3ByZXZpb3VzIjthOjE6e3M6MzoidXJsIjtzOjg3OiJodHRwOi8vbG9jYWxob3N0OjgwMDAvYWRtaW4vZW1wbG95ZXJzP3RhYmxlRmlsdGVycyU1QmNvbXBhbnlfbmFtZSU1RCU1QmNvbXBhbnlfbmFtZSU1RD0iO31zOjY6Il9mbGFzaCI7YToyOntzOjM6Im9sZCI7YTowOnt9czozOiJuZXciO2E6MDp7fX1zOjUwOiJsb2dpbl93ZWJfNTliYTM2YWRkYzJiMmY5NDAxNTgwZjAxNGM3ZjU4ZWE0ZTMwOTg5ZCI7aToxO3M6MTc6InBhc3N3b3JkX2hhc2hfd2ViIjtzOjYwOiIkMnkkMTIkTGlDYy9XS25jRzVkU2E1T2lzbThxT2hMWnl2bXc4M3RQN2szNGZQS3dUUTM2bjgxWHNhQ20iO3M6NjoidGFibGVzIjthOjE6e3M6NDE6ImJmNzc3YjFiNWJmNTg1NjlhOWE1MjNiMDgxMzc0NjVkX3Blcl9wYWdlIjtzOjI6IjI1Ijt9fQ==',1747549658);
/*!40000 ALTER TABLE `sessions` ENABLE KEYS */;
UNLOCK TABLES;

--
-- Table structure for table `users`
--

DROP TABLE IF EXISTS `users`;
/*!40101 SET @saved_cs_client     = @@character_set_client */;
/*!50503 SET character_set_client = utf8mb4 */;
CREATE TABLE `users` (
  `id` bigint unsigned NOT NULL AUTO_INCREMENT,
  `name` varchar(255) COLLATE utf8mb4_unicode_ci NOT NULL,
  `email` varchar(255) COLLATE utf8mb4_unicode_ci NOT NULL,
  `email_verified_at` timestamp NULL DEFAULT NULL,
  `password` varchar(255) COLLATE utf8mb4_unicode_ci NOT NULL,
  `remember_token` varchar(100) COLLATE utf8mb4_unicode_ci DEFAULT NULL,
  `created_at` timestamp NULL DEFAULT NULL,
  `updated_at` timestamp NULL DEFAULT NULL,
  PRIMARY KEY (`id`),
  UNIQUE KEY `users_email_unique` (`email`)
) ENGINE=InnoDB AUTO_INCREMENT=2 DEFAULT CHARSET=utf8mb4 COLLATE=utf8mb4_unicode_ci;
/*!40101 SET character_set_client = @saved_cs_client */;

--
-- Dumping data for table `users`
--

LOCK TABLES `users` WRITE;
/*!40000 ALTER TABLE `users` DISABLE KEYS */;
INSERT INTO `users` VALUES (1,'admin','admin@mail.com',NULL,'$2y$12$LiCc/WKncG5dSa5Oism8qOhLZyvmw83tP7k34fPKwTQ36n81XsaCm','j7HAVTEd43QkWSHm4kzTHi6a3x6I1LqlwZfnpz6xmTP9sEuegD31V9NXxkZ4','2025-05-01 09:56:07','2025-05-01 09:56:07');
/*!40000 ALTER TABLE `users` ENABLE KEYS */;
UNLOCK TABLES;
/*!40103 SET TIME_ZONE=@OLD_TIME_ZONE */;

/*!40101 SET SQL_MODE=@OLD_SQL_MODE */;
/*!40014 SET FOREIGN_KEY_CHECKS=@OLD_FOREIGN_KEY_CHECKS */;
/*!40014 SET UNIQUE_CHECKS=@OLD_UNIQUE_CHECKS */;
/*!40101 SET CHARACTER_SET_CLIENT=@OLD_CHARACTER_SET_CLIENT */;
/*!40101 SET CHARACTER_SET_RESULTS=@OLD_CHARACTER_SET_RESULTS */;
/*!40101 SET COLLATION_CONNECTION=@OLD_COLLATION_CONNECTION */;
/*!40111 SET SQL_NOTES=@OLD_SQL_NOTES */;

-- Dump completed on 2025-05-19 22:18:26
